{
  "project_info": {
    "project_number": "899905230408",
    "firebase_url": "https://instagram-clone-9c223-default-rtdb.firebaseio.com",
    "project_id": "instagram-clone-9c223",
    "storage_bucket": "instagram-clone-9c223.appspot.com"
  },
  "client": [
    {
      "client_info": {
        "mobilesdk_app_id": "1:899905230408:android:b569011440cfbd15e6aa7d",
        "android_client_info": {
          "package_name": "com.example.instaclone"
        }
      },
      "oauth_client": [],
      "api_key": [
        {
          "current_key": "AIzaSyBkFxhO9K5n5vkotTYXyQwdxoDiW-C6Nyw"
        }
      ],
      "services": {
        "appinvite_service": {
          "other_platform_oauth_client": []
        }
      }
    }
  ],
  "configuration_version": "1"
}